{
    "name": "Global Information",
    "numberOfRequests": {
        "total": 102197,
        "ok": 72188,
        "ko": 30009
    },
    "minResponseTime": {
        "total": 111,
        "ok": 111,
        "ko": 183
    },
    "maxResponseTime": {
        "total": 60203,
        "ok": 59991,
        "ko": 60203
    },
    "meanResponseTime": {
        "total": 10726,
        "ok": 4643,
        "ko": 25359
    },
    "standardDeviation": {
        "total": 20443,
        "ok": 10399,
        "ko": 29325
    },
    "percentiles1": {
        "total": 597,
        "ok": 554,
        "ko": 705
    },
    "percentiles2": {
        "total": 4732,
        "ok": 2358,
        "ko": 60003
    },
    "percentiles3": {
        "total": 60005,
        "ok": 30351,
        "ko": 60011
    },
    "percentiles4": {
        "total": 60012,
        "ok": 50955,
        "ko": 60015
    },
    "group1": {
    "name": "t < 800 ms",
    "count": 43160,
    "percentage": 42
},
    "group2": {
    "name": "800 ms < t < 1200 ms",
    "count": 4203,
    "percentage": 4
},
    "group3": {
    "name": "t > 1200 ms",
    "count": 24825,
    "percentage": 24
},
    "group4": {
    "name": "failed",
    "count": 30009,
    "percentage": 29
},
    "meanNumberOfRequestsPerSecond": {
        "total": 46.51661356395084,
        "ok": 32.85753299954484,
        "ko": 13.659080564406008
    }
}